{"cameraMode":{"drawMode":0,"name":"Shaded","section":"Shading Mode"},"sceneLighting":false,"audioPlay":false,"sceneViewState":{"showFog":true,"showMaterialUpdate":false,"showSkybox":false,"showFlares":true,"showImageEffects":true,"showParticleSystems":true},"in2DMode":false,"pivot":{"x":63.8182487487793,"y":6.230843544006348,"z":53.85454559326172},"rotation":{"x":0.30173808336257937,"y":0.022826319560408593,"z":-0.007272197399288416,"w":0.9531139731407166},"size":0.3170783519744873,"orthographic":false}