{"cameraMode":{"drawMode":0,"name":"Shaded","section":"Shading Mode"},"sceneLighting":false,"audioPlay":false,"sceneViewState":{"showFog":true,"showMaterialUpdate":false,"showSkybox":false,"showFlares":true,"showImageEffects":true,"showParticleSystems":true},"in2DMode":false,"pivot":{"x":59.63424301147461,"y":5.4153523445129398,"z":37.075984954833987},"rotation":{"x":-0.042495302855968478,"y":0.7747979164123535,"z":-0.05237847939133644,"w":-0.6286048293113709},"size":0.5334951877593994,"orthographic":false}