{"cameraMode":{"drawMode":0,"name":"Shaded","section":"Shading Mode"},"sceneLighting":false,"audioPlay":false,"sceneViewState":{"showFog":true,"showMaterialUpdate":false,"showSkybox":false,"showFlares":true,"showImageEffects":true,"showParticleSystems":true},"in2DMode":false,"pivot":{"x":82.2699966430664,"y":7.431530952453613,"z":70.70999908447266},"rotation":{"x":0.1592555046081543,"y":-0.712234616279602,"z":0.17133283615112306,"w":0.661851167678833},"size":0.8660253882408142,"orthographic":false}